run,learning_rate,max_depth,n_estimators,reg_alpha,subsample,Run,Rmse_100,rsq,Run.1,Rmse_full,rsq.1
312,0.01,3,3500,0.0001,0.5,312,0.119146186242914,0.924088009509274,312,0.120952198550377,0.92448047644721
318,0.01,3,3500,1.00E-05,0.5,318,0.11914618862739,0.924088012302318,318,0.120952207674985,0.924480484851032
321,0.01,3,3500,1.00E-06,0.5,321,0.11914618862739,0.924088012276758,321,0.120952207674985,0.924480484851032
315,0.01,3,3500,5.00E-05,0.5,315,0.11914618862739,0.924088012508007,315,0.120952201017466,0.924480475007513
333,0.01,3,5000,1.00E-06,0.5,333,0.119629889131228,0.923942863555867,333,0.121864868614423,0.924165516076799
327,0.01,3,5000,5.00E-05,0.5,327,0.119629889131228,0.923942863447364,327,0.121859809700537,0.924149688165412
330,0.01,3,5000,1.00E-05,0.5,330,0.119629889131228,0.923942863555867,330,0.121864867081063,0.92416551626825
324,0.01,3,5000,0.0001,0.5,324,0.119629907430963,0.923942874447482,324,0.121859815437328,0.924149684067089
360,0.01,4,3500,0.0001,0.5,360,0.120612289644891,0.921632700208746,360,0.121804671953692,0.921387195825381
363,0.01,4,3500,5.00E-05,0.5,363,0.120613040594053,0.921624320744049,363,0.121804673803793,0.921387188397873
369,0.01,4,3500,1.00E-06,0.5,369,0.120613058359702,0.921624313438329,369,0.121804693283218,0.921387191090016
366,0.01,4,3500,1.00E-05,0.5,366,0.120613059052604,0.921624313196537,366,0.121804685022343,0.921387191581725
375,0.01,4,5000,5.00E-05,0.5,375,0.120828758486119,0.921378576335914,375,0.122669322396593,0.920645537127827
381,0.01,4,5000,1.00E-06,0.5,381,0.120828765399756,0.921378569288184,381,0.122669306801141,0.920645520409824
378,0.01,4,5000,1.00E-05,0.5,378,0.120828772263521,0.921378567577919,378,0.122669317532403,0.920645535776824
372,0.01,4,5000,0.0001,0.5,372,0.120831902927402,0.921263737272607,372,0.122669321582073,0.920645545133943
316,0.01,3,3500,5.00E-05,0.7,316,0.121260083412576,0.921366212512767,316,0.123313347495504,0.920455239586078
313,0.01,3,3500,0.0001,0.7,313,0.121260083412576,0.921366211919763,313,0.123313347495504,0.920455239586078
319,0.01,3,3500,1.00E-05,0.7,319,0.121260083412576,0.921366212512767,319,0.123313347495504,0.920455239586078
322,0.01,3,3500,1.00E-06,0.7,322,0.121260083412576,0.921366212512767,322,0.123313347495504,0.920455239586078
325,0.01,3,5000,0.0001,0.7,325,0.121355924209161,0.92168936834718,325,0.12394614151118,0.920665589436547
328,0.01,3,5000,5.00E-05,0.7,328,0.121355924209161,0.921689368800935,328,0.12394614151118,0.920665589456806
334,0.01,3,5000,1.00E-06,0.7,334,0.121355925937321,0.921689373994428,334,0.12394613790907,0.920665599823339
331,0.01,3,5000,1.00E-05,0.7,331,0.121355925937321,0.921689373994428,331,0.12394613790907,0.920665599823339
417,0.01,6,3500,1.00E-06,0.5,417,0.121850062920815,0.91905934697773,417,0.12302258556325,0.9187044506211
414,0.01,6,3500,1.00E-05,0.5,414,0.121851089258795,0.919036942362418,414,0.12303355731547,0.9187043601174
411,0.01,6,3500,5.00E-05,0.5,411,0.121859739759141,0.919012914563347,411,0.123023604686694,0.918705717189456
408,0.01,6,3500,0.0001,0.5,408,0.12186769276828,0.919056121327396,408,0.123192699613894,0.918685047694266
402,0.01,6,1000,1.00E-05,0.5,402,0.121896341759158,0.918384074158906,402,0.122260022671847,0.919191207779796
405,0.01,6,1000,1.00E-06,0.5,405,0.121896341759158,0.918384073928577,405,0.122260022671847,0.919191207779796
399,0.01,6,1000,5.00E-05,0.5,399,0.121896341759158,0.918384074600183,399,0.122260017418852,0.919191206179343
396,0.01,6,1000,0.0001,0.5,396,0.121896342209772,0.918384075755419,396,0.122260018696795,0.919191205742882
429,0.01,6,5000,1.00E-06,0.5,429,0.121926866735196,0.918987480598118,429,0.123181674581715,0.918599175600568
423,0.01,6,5000,5.00E-05,0.5,423,0.121962188674597,0.918935898303973,423,0.123222368347693,0.91855982001255
426,0.01,6,5000,1.00E-05,0.5,426,0.12196791972118,0.918967407686525,426,0.123239607305696,0.918539980652754
420,0.01,6,5000,0.0001,0.5,420,0.121994288907103,0.918966543279393,420,0.123406129186586,0.918510430510911
348,0.01,4,1000,0.0001,0.5,348,0.12225076589134,0.91870634121669,348,0.12160036839918,0.919411907723447
354,0.01,4,1000,1.00E-05,0.5,354,0.122250768573635,0.918706341645417,354,0.12160036839918,0.919411907559387
357,0.01,4,1000,1.00E-06,0.5,357,0.122250768573635,0.918706341645417,357,0.12160036839918,0.919411907559387
351,0.01,4,1000,5.00E-05,0.5,351,0.122250768573635,0.918706341645417,351,0.12160036839918,0.919411907559387
361,0.01,4,3500,0.0001,0.7,361,0.122583798305711,0.918074815143499,361,0.124100872147636,0.916751758165962
364,0.01,4,3500,5.00E-05,0.7,364,0.122583798305711,0.918074816578203,364,0.124100872147636,0.916751758413023
367,0.01,4,3500,1.00E-05,0.7,367,0.122583800889079,0.918074810288907,367,0.124100872147636,0.916751757919969
370,0.01,4,3500,1.00E-06,0.7,370,0.122583804794753,0.918074815552086,370,0.124100872147636,0.916751757887712
317,0.01,3,3500,5.00E-05,0.9,317,0.122623610333426,0.917971393359221,317,0.124196439489937,0.916272120086127
314,0.01,3,3500,0.0001,0.9,314,0.122623610333426,0.917971393359221,314,0.124196439489937,0.916272120086127
320,0.01,3,3500,1.00E-05,0.9,320,0.122623610333426,0.917971393359221,320,0.124196439489937,0.916272120086127
323,0.01,3,3500,1.00E-06,0.9,323,0.122623610333426,0.917971393359221,323,0.124196439489937,0.916272120086127
335,0.01,3,5000,1.00E-06,0.9,335,0.122893043063265,0.918165314295527,335,0.124874301447527,0.916510806538088
329,0.01,3,5000,5.00E-05,0.9,329,0.122893043063265,0.91816531429779,329,0.124874301447527,0.916510806538088
332,0.01,3,5000,1.00E-05,0.9,332,0.122893043063265,0.918165314295527,332,0.124874301447527,0.916510806538088
326,0.01,3,5000,0.0001,0.9,326,0.122893043063265,0.91816531429779,326,0.124874301447527,0.916510806538088
376,0.01,4,5000,5.00E-05,0.7,376,0.122903612280496,0.917732168377694,376,0.124825657748449,0.916329942521114
382,0.01,4,5000,1.00E-06,0.7,382,0.122903614404699,0.917732164628487,382,0.124825658624128,0.91632994257695
373,0.01,4,5000,0.0001,0.7,373,0.122903617002002,0.917732166613345,373,0.124809095614404,0.916332597045378
379,0.01,4,5000,1.00E-05,0.7,379,0.122903636039482,0.917732161858101,379,0.124825658624128,0.916329942155604
309,0.01,3,1000,1.00E-06,0.5,309,0.123335190199644,0.918317718045972,309,0.123462211205489,0.919335582636266
306,0.01,3,1000,1.00E-05,0.5,306,0.123335190199644,0.918317718045972,306,0.123462211205489,0.919335582636266
300,0.01,3,1000,0.0001,0.5,300,0.123335190795814,0.918317718393002,300,0.123462211205489,0.919335582636266
303,0.01,3,1000,5.00E-05,0.5,303,0.123335190795814,0.918317718393002,303,0.123462211205489,0.919335582636266
496,0.1,4,1000,5.00E-05,0.7,496,0.12366783512559,0.911344676908855,496,0.131978460304918,0.906623769909277
502,0.1,4,1000,1.00E-06,0.7,502,0.123667842454842,0.911344684552062,502,0.131989042464587,0.906640453350891
493,0.1,4,1000,0.0001,0.7,493,0.12366785034105,0.911344696677847,493,0.131978476754148,0.906623758335693
499,0.1,4,1000,1.00E-05,0.7,499,0.12367010730078,0.91134875116911,499,0.131989053290579,0.90664044480194
520,0.1,4,5000,5.00E-05,0.7,520,0.123774372035187,0.911197982866949,520,0.132051855941422,0.906569529966129
508,0.1,4,3500,5.00E-05,0.7,508,0.123774684188225,0.911197708004183,508,0.132051301687627,0.906569990276181
514,0.1,4,3500,1.00E-06,0.7,514,0.123778856346909,0.911167397933909,514,0.132040662557403,0.906651415337656
526,0.1,4,5000,1.00E-06,0.7,526,0.123779170169905,0.911167316162444,526,0.132041041964851,0.906651120770624
517,0.1,4,5000,0.0001,0.7,517,0.123789459214392,0.911184880505356,517,0.132058036882908,0.906560195833073
505,0.1,4,3500,0.0001,0.7,505,0.123789576412514,0.911184906286682,505,0.132057839910573,0.906560403584153
352,0.01,4,1000,5.00E-05,0.7,352,0.123834914703605,0.915833753234744,352,0.123581697306526,0.915632902726717
358,0.01,4,1000,1.00E-06,0.7,358,0.123834914703605,0.915833753234744,358,0.123581697306526,0.91563290269744
355,0.01,4,1000,1.00E-05,0.7,355,0.123834914703605,0.915833753234744,355,0.123581697306526,0.915632902726717
349,0.01,4,1000,0.0001,0.7,349,0.123834914703605,0.915833753234744,349,0.123581697306526,0.915632903448517
511,0.1,4,3500,1.00E-05,0.7,511,0.123841358974438,0.911151804574376,511,0.131993345121944,0.90659516730639
523,0.1,4,5000,1.00E-05,0.7,523,0.123841388365208,0.911151849880771,523,0.131993579841901,0.9065951149281
279,0.001,6,5000,5.00E-05,0.5,279,0.124351477310465,0.91350157798651,279,0.124985349953081,0.912785933136283
285,0.001,6,5000,1.00E-06,0.5,285,0.124351477310465,0.913501578149415,285,0.124985349953081,0.912785933136283
282,0.001,6,5000,1.00E-05,0.5,282,0.124351477310465,0.913501578149415,282,0.124985349953081,0.912785933136283
276,0.001,6,5000,0.0001,0.5,276,0.1243514791275,0.913501575757574,276,0.124985349953081,0.912785933136283
307,0.01,3,1000,1.00E-05,0.7,307,0.124714024324961,0.915186135565299,307,0.125571476782302,0.914666390062119
301,0.01,3,1000,0.0001,0.7,301,0.124714024324961,0.915186134912131,301,0.125571476782302,0.914666390062119
310,0.01,3,1000,1.00E-06,0.7,310,0.124714024324961,0.915186135565299,310,0.125571476782302,0.914666390062119
304,0.01,3,1000,5.00E-05,0.7,304,0.124714024324961,0.915186135565299,304,0.125571476782302,0.914666390062119
365,0.01,4,3500,5.00E-05,0.9,365,0.124940748220819,0.912898814910902,365,0.126247194387895,0.912330687383774
362,0.01,4,3500,0.0001,0.9,362,0.124940750104631,0.912898814963156,362,0.126247195096633,0.912330687183987
368,0.01,4,3500,1.00E-05,0.9,368,0.125033422569385,0.912820821320186,368,0.126247194387895,0.912330687030826
371,0.01,4,3500,1.00E-06,0.9,371,0.125033422569385,0.912820821320186,371,0.126247194387895,0.912330687030826
353,0.01,4,1000,5.00E-05,0.9,353,0.125113678388377,0.911338996366257,353,0.126037603905867,0.910720724280618
356,0.01,4,1000,1.00E-05,0.9,356,0.125113678388377,0.911338996366257,356,0.126037603905867,0.910720724280618
350,0.01,4,1000,0.0001,0.9,350,0.125113678388377,0.911338996366257,350,0.126037603905867,0.910720724280618
359,0.01,4,1000,1.00E-06,0.9,359,0.125113678388377,0.911338996366257,359,0.126037603905867,0.910720724280618
380,0.01,4,5000,1.00E-05,0.9,380,0.125288794678182,0.912608998956783,380,0.126933991442927,0.911641793327411
383,0.01,4,5000,1.00E-06,0.9,383,0.125288794678182,0.912608998956783,383,0.126933991442927,0.91164179325563
377,0.01,4,5000,5.00E-05,0.9,377,0.125309604296983,0.912549899728825,377,0.126933990774084,0.911641793983273
374,0.01,4,5000,0.0001,0.9,374,0.125309604296983,0.912549901638712,374,0.126934000162638,0.911641786034368
452,0.1,3,1000,1.00E-05,0.9,452,0.125436963196528,0.915471491708419,452,0.13235774971192,0.908085545784629
455,0.1,3,1000,1.00E-06,0.9,455,0.125436963196528,0.915471491708419,455,0.13235774711837,0.908085541871801
446,0.1,3,1000,0.0001,0.9,446,0.125516536038908,0.915408070294643,446,0.132357748067126,0.908085530813313
449,0.1,3,1000,5.00E-05,0.9,449,0.125516542194081,0.91540807404821,449,0.132357748067126,0.908085531008537
481,0.1,4,100,0.0001,0.7,481,0.125637254098745,0.908414747389782,481,0.127947386115195,0.908830871541178
484,0.1,4,100,5.00E-05,0.7,484,0.125637254098745,0.90841474722532,484,0.127947386115195,0.908830871541178
487,0.1,4,100,1.00E-05,0.7,487,0.125637254098745,0.90841474722532,487,0.127947386115195,0.908830871541178
490,0.1,4,100,1.00E-06,0.7,490,0.125637254098745,0.90841474722532,490,0.127947386115195,0.908830871541178
412,0.01,6,3500,5.00E-05,0.7,412,0.12572326714253,0.914921998772995,412,0.126670526775854,0.913442070318702
409,0.01,6,3500,0.0001,0.7,409,0.125735794295736,0.914919735738084,409,0.126669240521233,0.913457555097271
305,0.01,3,1000,5.00E-05,0.9,305,0.125750189299531,0.910786191246787,305,0.12651323881615,0.910503298120687
311,0.01,3,1000,1.00E-06,0.9,311,0.125750189299531,0.910786191246787,311,0.12651323881615,0.910503298120687
302,0.01,3,1000,0.0001,0.9,302,0.125750189299531,0.910786191246787,302,0.12651323881615,0.910503298120687
308,0.01,3,1000,1.00E-05,0.9,308,0.125750189299531,0.910786191246787,308,0.12651323881615,0.910503298120687
424,0.01,6,5000,5.00E-05,0.7,424,0.125808958417031,0.914845686651909,424,0.126792009127676,0.913371317772993
397,0.01,6,1000,0.0001,0.7,397,0.125809001642745,0.914320279764138,397,0.126049954232094,0.913342400999428
400,0.01,6,1000,5.00E-05,0.7,400,0.12580900269443,0.914320279147394,400,0.126049955606586,0.913342399699343
406,0.01,6,1000,1.00E-06,0.7,406,0.12580900269443,0.914320279221284,406,0.126070913944306,0.913461180400423
403,0.01,6,1000,1.00E-05,0.7,403,0.12580900269443,0.914320279285663,403,0.126070913944306,0.913461180331266
415,0.01,6,3500,1.00E-05,0.7,415,0.125819108840578,0.914850775527146,415,0.126808662255358,0.913347682899208
418,0.01,6,3500,1.00E-06,0.7,418,0.125819111589517,0.914850773028909,418,0.126811920036231,0.913344574854614
421,0.01,6,5000,0.0001,0.7,421,0.125820706845958,0.914838851777402,421,0.126743066963877,0.913407774133246
430,0.01,6,5000,1.00E-06,0.7,430,0.125910716450946,0.914757266205112,430,0.126874398783731,0.913301472541818
427,0.01,6,5000,1.00E-05,0.7,427,0.125916408533987,0.914756688546077,427,0.1268950052489,0.913275549256641
458,0.1,3,3500,0.0001,0.9,458,0.125934189793816,0.914649100571772,458,0.133552614861402,0.906986833945548
470,0.1,3,5000,0.0001,0.9,470,0.125939536020308,0.914661153248997,470,0.133571372408753,0.906975254937574
437,0.1,3,100,5.00E-05,0.9,437,0.126003009035974,0.910440466262602,437,0.130197751095995,0.90527970047687
440,0.1,3,100,1.00E-05,0.9,440,0.126003009035974,0.910440466262602,440,0.130197751095995,0.90527970047687
434,0.1,3,100,0.0001,0.9,434,0.126003009035974,0.910440466262602,434,0.130197751095995,0.90527970047687
443,0.1,3,100,1.00E-06,0.9,443,0.126003009035974,0.910440466262602,443,0.130197751095995,0.90527970047687
461,0.1,3,3500,5.00E-05,0.9,461,0.126111242007982,0.914615006678301,461,0.133499116806904,0.907019530304783
473,0.1,3,5000,5.00E-05,0.9,473,0.126126631600883,0.914613501128361,473,0.133521927172214,0.90699703209184
467,0.1,3,3500,1.00E-06,0.9,467,0.126208787915133,0.914788903533069,467,0.133481860370189,0.906989598585539
479,0.1,3,5000,1.00E-06,0.9,479,0.126236423873312,0.914785148645375,479,0.133514299483643,0.9069658714055
464,0.1,3,3500,1.00E-05,0.9,464,0.126274616020815,0.914694349625853,464,0.133527319061653,0.90699808426458
494,0.1,4,1000,0.0001,0.9,494,0.126278618211586,0.907007618635241,494,0.129868192189886,0.902898585471861
500,0.1,4,1000,1.00E-05,0.9,500,0.126278621538412,0.907007620561134,500,0.129868184723363,0.902898557775594
497,0.1,4,1000,5.00E-05,0.9,497,0.126278628183281,0.907007617973923,497,0.129868179420991,0.902898567518451
503,0.1,4,1000,1.00E-06,0.9,503,0.12627863356513,0.907007596233628,503,0.129868175053412,0.902898594298467
476,0.1,3,5000,1.00E-05,0.9,476,0.126305077037044,0.914659674167043,476,0.133547168417587,0.906986534798349
518,0.1,4,5000,0.0001,0.9,518,0.126330982479858,0.907061110351558,518,0.130006987385994,0.902879132477786
506,0.1,4,3500,0.0001,0.9,506,0.126331109261327,0.907061136700134,506,0.130006879270915,0.902879015472657
515,0.1,4,3500,1.00E-06,0.9,515,0.126352954969606,0.907023198474466,515,0.13003220397003,0.902862886477516
527,0.1,4,5000,1.00E-06,0.9,527,0.126353001042164,0.907023277391874,527,0.130032384567987,0.902862624647783
509,0.1,4,3500,5.00E-05,0.9,509,0.126356451812408,0.907013984593969,509,0.130049905064795,0.902840954009476
521,0.1,4,5000,5.00E-05,0.9,521,0.126356731104189,0.90701374251935,521,0.130050109620656,0.90284058766108
524,0.1,4,5000,1.00E-05,0.9,524,0.126391424957079,0.907012759730678,524,0.130046711416908,0.902861891218691
512,0.1,4,3500,1.00E-05,0.9,512,0.126391445251829,0.907012736645737,512,0.130046370042136,0.902862101088527
488,0.1,4,100,1.00E-05,0.9,488,0.126404697132533,0.904332841531258,488,0.126606042844312,0.902084166079328
491,0.1,4,100,1.00E-06,0.9,491,0.126404697132533,0.904332841531258,491,0.126606042844312,0.902084166079328
482,0.1,4,100,0.0001,0.9,482,0.126404697132533,0.904332841531258,482,0.126606040661429,0.902084168262134
485,0.1,4,100,5.00E-05,0.9,485,0.126404697132533,0.904332841531258,485,0.126606042844312,0.902084166079328
286,0.001,6,5000,1.00E-06,0.7,286,0.126476912873853,0.909668533292505,286,0.126511987265944,0.90945549535624
283,0.001,6,5000,1.00E-05,0.7,283,0.126476912873853,0.909668533292505,283,0.126511987265944,0.90945549535624
280,0.001,6,5000,5.00E-05,0.7,280,0.126476912873853,0.909668533292505,280,0.126511987265944,0.909455495615781
277,0.001,6,5000,0.0001,0.7,277,0.126476912873853,0.9096685324713,277,0.126511987265944,0.909455495615781
231,0.001,4,5000,5.00E-05,0.5,231,0.126830149167187,0.910695952250037,231,0.127149631590005,0.910827348312229
234,0.001,4,5000,1.00E-05,0.5,234,0.126830149167187,0.910695952250037,234,0.127149631590005,0.910827348312229
237,0.001,4,5000,1.00E-06,0.5,237,0.126830149167187,0.910695952250037,237,0.127149631590005,0.910827348312229
228,0.001,4,5000,0.0001,0.5,228,0.126830149167187,0.910695952359994,228,0.127149631590005,0.910827348312229
433,0.1,3,100,0.0001,0.7,433,0.127156397936717,0.90957626828739,433,0.127018831973727,0.911031292070056
436,0.1,3,100,5.00E-05,0.7,436,0.127156397936717,0.90957626828739,436,0.127018831973727,0.911031291970829
439,0.1,3,100,1.00E-05,0.7,439,0.127156397936717,0.90957626828739,439,0.127018831973727,0.911031291970829
442,0.1,3,100,1.00E-06,0.7,442,0.127156397936717,0.90957626828739,442,0.127018831973727,0.911031291970829
447,0.1,3,1000,5.00E-05,0.5,447,0.127414193074797,0.919629021034272,447,0.13283194156463,0.915915636861184
450,0.1,3,1000,1.00E-05,0.5,450,0.127414231826066,0.919629011967913,450,0.132831915301849,0.915915634177851
453,0.1,3,1000,1.00E-06,0.5,453,0.127414240719002,0.919629007237178,453,0.132831923025758,0.915915643955294
444,0.1,3,1000,0.0001,0.5,444,0.127414248045721,0.919629006692418,444,0.132831945368104,0.915915639162945
401,0.01,6,1000,5.00E-05,0.9,401,0.127419996255909,0.907766079898003,401,0.126562016903434,0.908480753219235
404,0.01,6,1000,1.00E-05,0.9,404,0.127419996255909,0.907766079257198,404,0.126562009287351,0.908480751712691
407,0.01,6,1000,1.00E-06,0.9,407,0.127419996255909,0.90776608152539,407,0.126562009287351,0.908480751712691
398,0.01,6,1000,0.0001,0.9,398,0.127419996255909,0.907766080836105,398,0.126562016903434,0.90848075355571
441,0.1,3,100,1.00E-06,0.5,441,0.127447205000219,0.914543126749041,441,0.128296672275066,0.912234084435884
438,0.1,3,100,1.00E-05,0.5,438,0.127447205000219,0.914543126749041,438,0.128296672275066,0.912234084435884
435,0.1,3,100,5.00E-05,0.5,435,0.127447205000219,0.914543126749041,435,0.128296672275066,0.912234084435884
432,0.1,3,100,0.0001,0.5,432,0.127447205000219,0.914543126749041,432,0.128296672275066,0.912234084435884
454,0.1,3,1000,1.00E-06,0.7,454,0.12749607754977,0.91496601156109,454,0.129968402086055,0.914095888927612
451,0.1,3,1000,1.00E-05,0.7,451,0.12749607754977,0.91496601156109,451,0.129968402012036,0.914095888848361
416,0.01,6,3500,1.00E-05,0.9,416,0.127532135295901,0.908245989859989,416,0.126864884306299,0.908853357649381
419,0.01,6,3500,1.00E-06,0.9,419,0.12753507720437,0.908234379548097,419,0.12686488315137,0.908853355967124
410,0.01,6,3500,0.0001,0.9,410,0.127538548687414,0.90821421489639,410,0.126824000853797,0.908800068706514
413,0.01,6,3500,5.00E-05,0.9,413,0.127541034434629,0.908255118033243,413,0.126823998351738,0.908800067350894
445,0.1,3,1000,0.0001,0.7,445,0.127574414484783,0.914915261962162,445,0.129968408877533,0.914095890459091
448,0.1,3,1000,5.00E-05,0.7,448,0.127574456912054,0.914915266312956,448,0.129968400063906,0.914095884886483
431,0.01,6,5000,1.00E-06,0.9,431,0.127574601973488,0.90824546559369,431,0.126933432086501,0.908856664214275
425,0.01,6,5000,5.00E-05,0.9,425,0.127580554111831,0.908257956994098,425,0.126891292407608,0.90879027974939
422,0.01,6,5000,0.0001,0.9,422,0.127580733691698,0.908230161531307,422,0.126898574002085,0.908773148177776
428,0.01,6,5000,1.00E-05,0.9,428,0.127582722838877,0.908249043904565,428,0.12693386858304,0.908856979110301
273,0.001,6,3500,1.00E-06,0.5,273,0.128212746607609,0.901280190317849,273,0.128886084044453,0.900185854432091
270,0.001,6,3500,1.00E-05,0.5,270,0.128212746607609,0.901280190317849,270,0.128886084044453,0.900185854432091
267,0.001,6,3500,5.00E-05,0.5,267,0.128212746607609,0.901280190317849,267,0.128886084044453,0.900185854432091
264,0.001,6,3500,0.0001,0.5,264,0.128212746607609,0.901280190317849,264,0.128886084044453,0.900185854432091
465,0.1,3,3500,1.00E-06,0.5,465,0.128426712998059,0.918413735963775,465,0.134275823430587,0.91430431604927
462,0.1,3,3500,1.00E-05,0.5,462,0.128444328001112,0.918395680694326,462,0.134193422963888,0.914662005124974
456,0.1,3,3500,0.0001,0.5,456,0.128452745944335,0.918351453033425,456,0.134512032912755,0.914234875731952
468,0.1,3,5000,0.0001,0.5,468,0.128479842796261,0.918277427829354,468,0.134573069339782,0.914211822923794
459,0.1,3,3500,5.00E-05,0.5,459,0.128501841728574,0.918305847093902,459,0.134475088648422,0.914161156304607
477,0.1,3,5000,1.00E-06,0.5,477,0.12851591509658,0.918335213336948,477,0.134292177360388,0.914273641810909
471,0.1,3,5000,5.00E-05,0.5,471,0.12852227694641,0.918270216701059,471,0.134506837916107,0.914116683842564
474,0.1,3,5000,1.00E-05,0.5,474,0.12852645079615,0.918340065963139,474,0.134220944088666,0.914605694484034
232,0.001,4,5000,5.00E-05,0.7,232,0.128553571731506,0.90772433951344,232,0.128794698595822,0.907582784795189
229,0.001,4,5000,0.0001,0.7,229,0.128553571731506,0.90772433951344,229,0.128794698595822,0.907582784795189
238,0.001,4,5000,1.00E-06,0.7,238,0.128553571731506,0.90772433951344,238,0.128794698595822,0.907582784795189
235,0.001,4,5000,1.00E-05,0.7,235,0.128553571731506,0.90772433951344,235,0.128794698595822,0.907582784795189
489,0.1,4,100,1.00E-06,0.5,489,0.128634606780363,0.907153364643858,489,0.131415369797154,0.900059983089801
480,0.1,4,100,0.0001,0.5,480,0.128634606780363,0.907153364643858,480,0.131415369797154,0.90005998227956
486,0.1,4,100,1.00E-05,0.5,486,0.128634606780363,0.907153364643858,486,0.131415369797154,0.900059983089801
483,0.1,4,100,5.00E-05,0.5,483,0.128634606780363,0.907153364643858,483,0.131415369797154,0.900059983089801
457,0.1,3,3500,0.0001,0.7,457,0.128862390002128,0.913540927565756,457,0.131054722184014,0.913109154611257
469,0.1,3,5000,0.0001,0.7,469,0.128866008166073,0.913518687867798,469,0.131065866126238,0.913095676408172
460,0.1,3,3500,5.00E-05,0.7,460,0.129006029601322,0.913505982185747,460,0.130977355110039,0.913149639688841
472,0.1,3,5000,5.00E-05,0.7,472,0.129023117381326,0.913446668815203,472,0.130966918685697,0.913156366365139
463,0.1,3,3500,1.00E-05,0.7,463,0.12914794388489,0.913707537561003,463,0.130927176055629,0.91315448968876
475,0.1,3,5000,1.00E-05,0.7,475,0.129167580261516,0.91368540204629,475,0.130964804762294,0.913133923668097
281,0.001,6,5000,5.00E-05,0.9,281,0.129267774501306,0.904111490252501,281,0.129091125129352,0.904283454176827
278,0.001,6,5000,0.0001,0.9,278,0.129267774501306,0.904111490096623,278,0.129091125129352,0.904283454176827
284,0.001,6,5000,1.00E-05,0.9,284,0.129267774501306,0.90411149043979,284,0.129091125129352,0.904283454176827
287,0.001,6,5000,1.00E-06,0.9,287,0.129267774501306,0.90411149043979,287,0.129091125129352,0.904283454114053
466,0.1,3,3500,1.00E-06,0.7,466,0.129329799951186,0.913620233553752,466,0.13092427539651,0.913212037126579
478,0.1,3,5000,1.00E-06,0.7,478,0.129351195245004,0.913590468719629,478,0.130981888876755,0.913165778409393
265,0.001,6,3500,0.0001,0.7,265,0.129875368128909,0.899387692936111,265,0.130170496369125,0.898673697555399
268,0.001,6,3500,5.00E-05,0.7,268,0.129875368128909,0.899387693200278,268,0.130170496369125,0.898673697555399
271,0.001,6,3500,1.00E-05,0.7,271,0.129875368128909,0.899387693200278,271,0.130170496369125,0.898673697545081
274,0.001,6,3500,1.00E-06,0.7,274,0.129875368128909,0.899387693200278,274,0.130170496369125,0.898673697545081
513,0.1,4,3500,1.00E-06,0.5,513,0.131047785822568,0.906529241544167,513,0.135577985039822,0.90149102706717
525,0.1,4,5000,1.00E-06,0.5,525,0.131048627007934,0.906528479174459,525,0.135577996865365,0.901491657044429
504,0.1,4,3500,0.0001,0.5,504,0.131075539154621,0.906590463612185,504,0.136246854967225,0.901376857379304
516,0.1,4,5000,0.0001,0.5,516,0.131076361452638,0.906589976802165,516,0.136247384870131,0.901377022300939
492,0.1,4,1000,0.0001,0.5,492,0.131083215728653,0.906548831279638,492,0.135873180808865,0.901723505621023
239,0.001,4,5000,1.00E-06,0.9,239,0.131106630603158,0.903407679709503,239,0.131327010203892,0.903276229979416
236,0.001,4,5000,1.00E-05,0.9,236,0.131106630603158,0.903407679709503,236,0.131327010203892,0.903276229979416
233,0.001,4,5000,5.00E-05,0.9,233,0.131106630603158,0.903407679709503,233,0.131327010203892,0.903276229979416
230,0.001,4,5000,0.0001,0.9,230,0.131106630603158,0.903407679709503,230,0.131327010203892,0.903276229979416
501,0.1,4,1000,1.00E-06,0.5,501,0.131109541653819,0.9065384569335,501,0.135378809898702,0.901430132257194
495,0.1,4,1000,5.00E-05,0.5,495,0.131120774541144,0.906558405742031,495,0.13537883767911,0.901430075339445
498,0.1,4,1000,1.00E-05,0.5,498,0.131120798503993,0.906558389520274,498,0.135378837445328,0.90143015249717
522,0.1,4,5000,1.00E-05,0.5,522,0.131192897458534,0.906622873358718,522,0.135708938371985,0.901464660633485
510,0.1,4,3500,1.00E-05,0.5,510,0.131193950541921,0.906622738017689,510,0.135707969603456,0.901464798701567
519,0.1,4,5000,5.00E-05,0.5,519,0.131291414736263,0.906446149023003,519,0.135678135365452,0.90151727889528
507,0.1,4,3500,5.00E-05,0.5,507,0.131291607881532,0.906446418925849,507,0.135676246854695,0.901518253903172
573,0.1,6,5000,1.00E-06,0.5,573,0.131445220199566,0.910849974976703,573,0.132983395253067,0.90868937758531
549,0.1,6,1000,1.00E-06,0.5,549,0.131445404262441,0.910850064239736,549,0.132980557400789,0.908692052657794
561,0.1,6,3500,1.00E-06,0.5,561,0.131445406347452,0.910849842003827,561,0.132983456004858,0.908689311106484
546,0.1,6,1000,1.00E-05,0.5,546,0.131477370191674,0.910666859257374,546,0.132989316160524,0.908682985421043
558,0.1,6,3500,1.00E-05,0.5,558,0.131477655136331,0.910666947717347,558,0.132992122694076,0.908680385454818
570,0.1,6,5000,1.00E-05,0.5,570,0.131477728173618,0.910666947630963,570,0.132992094695915,0.908680408054302
543,0.1,6,1000,5.00E-05,0.5,543,0.131529157514723,0.910585314213879,543,0.133044455921972,0.908657506352014
555,0.1,6,3500,5.00E-05,0.5,555,0.131529619216924,0.910584313272321,555,0.133044027989624,0.908658325314284
567,0.1,6,5000,5.00E-05,0.5,567,0.131529626543142,0.91058431643975,567,0.133044064286703,0.908658237272874
540,0.1,6,1000,0.0001,0.5,540,0.131553848274187,0.910569040911388,540,0.132993768710756,0.90868321286891
552,0.1,6,3500,0.0001,0.5,552,0.131556182988653,0.910566227777499,552,0.132995673164116,0.908681994461907
564,0.1,6,5000,0.0001,0.5,564,0.131556259909332,0.910566316044302,564,0.132995701961966,0.908681930454375
216,0.001,4,3500,0.0001,0.5,216,0.131680095675721,0.897742884734696,216,0.131967392104832,0.897570381898374
225,0.001,4,3500,1.00E-06,0.5,225,0.131680095675721,0.897742884469237,225,0.131967392104832,0.897570381898374
219,0.001,4,3500,5.00E-05,0.5,219,0.131680095675721,0.897742884469237,219,0.131967392104832,0.897570381898374
222,0.001,4,3500,1.00E-05,0.5,222,0.131680095675721,0.897742884469237,222,0.131967392104832,0.897570381898374
544,0.1,6,1000,5.00E-05,0.7,544,0.132108964779199,0.905354993450714,544,0.130936516814138,0.911148077693104
568,0.1,6,5000,5.00E-05,0.7,568,0.132109073154658,0.905355501724481,568,0.13093699726749,0.911148243287592
556,0.1,6,3500,5.00E-05,0.7,556,0.132109289617324,0.905355281721468,556,0.130936970995182,0.911148341291126
571,0.1,6,5000,1.00E-05,0.7,571,0.13211084455987,0.905352199995931,571,0.130952961946306,0.911148390957666
547,0.1,6,1000,1.00E-05,0.7,547,0.132110898356191,0.905351901203512,547,0.130952029615939,0.911148749162065
559,0.1,6,3500,1.00E-05,0.7,559,0.132110907698024,0.905352034950774,559,0.130952952452391,0.911148367795131
537,0.1,6,100,1.00E-06,0.5,537,0.132120825652115,0.909504078213746,537,0.130704937516715,0.910242789512004
534,0.1,6,100,1.00E-05,0.5,534,0.132120825652115,0.909504078213746,534,0.130704937516715,0.910242789512004
531,0.1,6,100,5.00E-05,0.5,531,0.132120825652115,0.909504078525207,531,0.130704940676961,0.910242789387752
528,0.1,6,100,0.0001,0.5,528,0.132120827179026,0.909504079398444,528,0.130704940676961,0.910242788593142
275,0.001,6,3500,1.00E-06,0.9,275,0.132179662544239,0.895412257216972,275,0.132356214436118,0.895113759627026
272,0.001,6,3500,1.00E-05,0.9,272,0.132179662544239,0.895412257216972,272,0.132356214436118,0.895113759627026
269,0.001,6,3500,5.00E-05,0.9,269,0.132179662544239,0.895412257216972,269,0.132356214436118,0.895113759627026
266,0.001,6,3500,0.0001,0.9,266,0.132179662544239,0.895412257427163,266,0.132356214436118,0.895113759627026
574,0.1,6,5000,1.00E-06,0.7,574,0.132229848120275,0.905275599778657,574,0.130968280815942,0.911118755641262
562,0.1,6,3500,1.00E-06,0.7,562,0.132229913749151,0.905275490225666,562,0.130968215023178,0.911118991595599
550,0.1,6,1000,1.00E-06,0.7,550,0.13223124718887,0.905274245715103,550,0.130967053013367,0.911120409345828
565,0.1,6,5000,0.0001,0.7,565,0.132245932700051,0.905275021505628,565,0.130958650584879,0.911130139050727
553,0.1,6,3500,0.0001,0.7,553,0.132246045875855,0.905274910282191,553,0.130958586239128,0.911130192338195
541,0.1,6,1000,0.0001,0.7,541,0.13224675274988,0.905273787634959,541,0.130957091852727,0.911130905459589
533,0.1,6,100,5.00E-05,0.9,533,0.132279355321509,0.897781160892584,533,0.13000953128308,0.899550131066755
536,0.1,6,100,1.00E-05,0.9,536,0.132279355321509,0.897781159838397,536,0.1300095335113,0.899550130315965
530,0.1,6,100,0.0001,0.9,530,0.132279355321509,0.897781162051254,530,0.130009537137649,0.899550138871111
539,0.1,6,100,1.00E-06,0.9,539,0.132279355321509,0.897781159977481,539,0.130009534177224,0.899550126615469
575,0.1,6,5000,1.00E-06,0.9,575,0.132360208439431,0.897019368240339,575,0.131073093614157,0.89991767524095
563,0.1,6,3500,1.00E-06,0.9,563,0.132360247208729,0.897019345403032,563,0.131073043886392,0.899917804784604
551,0.1,6,1000,1.00E-06,0.9,551,0.132360363882122,0.897019040754087,551,0.131072655109793,0.89991796289901
566,0.1,6,5000,0.0001,0.9,566,0.132372636261003,0.897046367849973,566,0.131105294392448,0.899882599991452
554,0.1,6,3500,0.0001,0.9,554,0.132372862666665,0.897045784616079,554,0.131105287560971,0.899882665482186
542,0.1,6,1000,0.0001,0.9,542,0.132373127278143,0.897044335209358,542,0.131104901910245,0.899882634078515
560,0.1,6,3500,1.00E-05,0.9,560,0.132389169724208,0.896970896649145,560,0.131076232560277,0.899888107561426
572,0.1,6,5000,1.00E-05,0.9,572,0.132389175902221,0.896970827969702,572,0.131076195021468,0.899888161343684
548,0.1,6,1000,1.00E-05,0.9,548,0.132389536071577,0.896970733642372,548,0.131075813140117,0.899888255031247
557,0.1,6,3500,5.00E-05,0.9,557,0.13239923869276,0.897008914837014,557,0.131057821743813,0.899921041853002
569,0.1,6,5000,5.00E-05,0.9,569,0.132399280113319,0.897008903900328,569,0.131057859817648,0.899920965245597
545,0.1,6,1000,5.00E-05,0.9,545,0.132399350357025,0.897007532158275,545,0.131057334902199,0.899920676524647
183,0.001,3,5000,5.00E-05,0.5,183,0.13245594187752,0.906473612895369,183,0.132697017052105,0.906356939522664
180,0.001,3,5000,0.0001,0.5,180,0.13245594187752,0.906473612895369,180,0.132697017052105,0.906356939522664
189,0.001,3,5000,1.00E-06,0.5,189,0.13245594187752,0.906473612895369,189,0.132697017052105,0.906356939522664
186,0.001,3,5000,1.00E-05,0.5,186,0.13245594187752,0.906473612895369,186,0.132697017052105,0.906356939522664
532,0.1,6,100,5.00E-05,0.7,532,0.132565184932735,0.904625440077322,532,0.129524542713228,0.911083180508829
529,0.1,6,100,0.0001,0.7,529,0.132565184932735,0.904625440488268,529,0.129524542189512,0.911083180620714
535,0.1,6,100,1.00E-05,0.7,535,0.132565184932735,0.90462543998336,535,0.129524542713228,0.911083178369879
538,0.1,6,100,1.00E-06,0.7,538,0.13256518689835,0.904625439125105,538,0.129524542713228,0.911083178459886
190,0.001,3,5000,1.00E-06,0.7,190,0.13352479704224,0.904246570172605,190,0.13370501667178,0.904170083853708
184,0.001,3,5000,5.00E-05,0.7,184,0.13352479704224,0.904246570172605,184,0.13370501667178,0.904170083853708
181,0.001,3,5000,0.0001,0.7,181,0.13352479704224,0.904246570172605,181,0.13370501667178,0.904170083853708
187,0.001,3,5000,1.00E-05,0.7,187,0.13352479704224,0.904246570172605,187,0.13370501667178,0.904170083853708
217,0.001,4,3500,0.0001,0.7,217,0.133726683824711,0.895622923596094,217,0.133906621862172,0.895286406149851
220,0.001,4,3500,5.00E-05,0.7,220,0.133726683824711,0.895622923596094,220,0.133906621862172,0.895286406149851
223,0.001,4,3500,1.00E-05,0.7,223,0.133726683824711,0.895622923596094,223,0.133906621862172,0.895286406149851
226,0.001,4,3500,1.00E-06,0.7,226,0.133726683824711,0.895622923596094,226,0.133906621862172,0.895286406149851
188,0.001,3,5000,1.00E-05,0.9,188,0.135462355214354,0.900559174528112,188,0.135609153808195,0.900566458230003
191,0.001,3,5000,1.00E-06,0.9,191,0.135462355214354,0.900559174528112,191,0.135609153808195,0.900566458230003
185,0.001,3,5000,5.00E-05,0.9,185,0.135462355214354,0.900559174528112,185,0.135609153808195,0.900566458230003
182,0.001,3,5000,0.0001,0.9,182,0.135462355214354,0.900559174528112,182,0.135609153808195,0.900566458230003
218,0.001,4,3500,0.0001,0.9,218,0.13620568404863,0.891723982736665,218,0.136353791479332,0.89162252662346
224,0.001,4,3500,1.00E-05,0.9,224,0.13620568404863,0.891723982736665,224,0.136353791479332,0.89162252662346
227,0.001,4,3500,1.00E-06,0.9,227,0.13620568404863,0.891723982736665,227,0.136353791479332,0.89162252662346
221,0.001,4,3500,5.00E-05,0.9,221,0.13620568404863,0.891723982736665,221,0.136353791479332,0.89162252662346
171,0.001,3,3500,5.00E-05,0.5,171,0.138645985964675,0.890820387020853,171,0.13876023587421,0.890540717907971
168,0.001,3,3500,0.0001,0.5,168,0.138645985964675,0.890820387020853,168,0.13876023587421,0.890540717907971
177,0.001,3,3500,1.00E-06,0.5,177,0.138645985964675,0.890820387020853,177,0.13876023587421,0.890540717907971
174,0.001,3,3500,1.00E-05,0.5,174,0.138645985964675,0.890820387020853,174,0.13876023587421,0.890540717907971
169,0.001,3,3500,0.0001,0.7,169,0.140578583447711,0.888686484158239,169,0.140646269062552,0.888818903773606
175,0.001,3,3500,1.00E-05,0.7,175,0.140578583447711,0.888686484158239,175,0.140646269062552,0.888818903773606
178,0.001,3,3500,1.00E-06,0.7,178,0.140578583447711,0.888686484158239,178,0.140646269062552,0.888818903773606
172,0.001,3,3500,5.00E-05,0.7,172,0.140578583447711,0.888686484158239,172,0.140646269062552,0.888818903773606
176,0.001,3,3500,1.00E-05,0.9,176,0.142725356536291,0.885048808527365,176,0.142673408377766,0.885328574845827
170,0.001,3,3500,0.0001,0.9,170,0.142725356536291,0.885048808527365,170,0.142673408377766,0.885328574845827
179,0.001,3,3500,1.00E-06,0.9,179,0.142725356536291,0.885048808527365,179,0.142673408377766,0.885328574845827
173,0.001,3,3500,5.00E-05,0.9,173,0.142725356536291,0.885048808527365,173,0.142673408377766,0.885328574845827
293,0.01,3,100,5.00E-05,0.9,293,0.459370165893102,-0.112286015769624,293,0.459315815356762,-0.11194385626243
299,0.01,3,100,1.00E-06,0.9,299,0.459370165893102,-0.112286015769624,299,0.459315815356762,-0.11194385626243
290,0.01,3,100,0.0001,0.9,290,0.459370165893102,-0.112286015769624,290,0.459315815356762,-0.11194385626243
296,0.01,3,100,1.00E-05,0.9,296,0.459370165893102,-0.112286015769624,296,0.459315815356762,-0.11194385626243
288,0.01,3,100,0.0001,0.5,288,0.459415093317887,-0.124426367016477,288,0.459257862216718,-0.124508013841161
294,0.01,3,100,1.00E-05,0.5,294,0.459415093317887,-0.124426367016477,294,0.459257862216718,-0.124508013841161
297,0.01,3,100,1.00E-06,0.5,297,0.459415093317887,-0.124426367016477,297,0.459257862216718,-0.124508013841161
291,0.01,3,100,5.00E-05,0.5,291,0.459415093317887,-0.124426367016477,291,0.459257862216718,-0.124508013841161
295,0.01,3,100,1.00E-05,0.7,295,0.459943519302452,-0.120306297842655,295,0.460008004376754,-0.121037347833038
289,0.01,3,100,0.0001,0.7,289,0.459943519302452,-0.120306297842655,289,0.460008004376754,-0.121037347833038
298,0.01,3,100,1.00E-06,0.7,298,0.459943519302452,-0.120306297842655,298,0.460008004376754,-0.121037347833038
292,0.01,3,100,5.00E-05,0.7,292,0.459943519302452,-0.120306297842655,292,0.460008004376754,-0.121037347833038
341,0.01,4,100,5.00E-05,0.9,341,0.461113654445051,-0.093264762428705,341,0.461591727917005,-0.095853596360044
344,0.01,4,100,1.00E-05,0.9,344,0.461113654445051,-0.093264762428705,344,0.461591727917005,-0.095853596360044
338,0.01,4,100,0.0001,0.9,338,0.461113654445051,-0.093264762428705,338,0.461591727917005,-0.095853596360044
347,0.01,4,100,1.00E-06,0.9,347,0.461113654445051,-0.093264762428705,347,0.461591727917005,-0.095853596360044
166,0.001,3,1000,1.00E-06,0.7,166,0.461718942242964,-0.12722380641448,166,0.461765456920787,-0.127837485914075
163,0.001,3,1000,1.00E-05,0.7,163,0.461718942242964,-0.12722380641448,163,0.461765456920787,-0.127837485914075
157,0.001,3,1000,0.0001,0.7,157,0.461718942242964,-0.12722380641448,157,0.461765456920787,-0.127837485914075
160,0.001,3,1000,5.00E-05,0.7,160,0.461718942242964,-0.12722380641448,160,0.461765456920787,-0.127837485914075
156,0.001,3,1000,0.0001,0.5,156,0.461820401410876,-0.135248673146121,156,0.461835622174236,-0.136339326616876
165,0.001,3,1000,1.00E-06,0.5,165,0.461820401410876,-0.135248673146121,165,0.461835622174236,-0.136339326616876
162,0.001,3,1000,1.00E-05,0.5,162,0.461820401410876,-0.135248673146121,162,0.461835622174236,-0.136339326616876
159,0.001,3,1000,5.00E-05,0.5,159,0.461820401410876,-0.135248673146121,159,0.461835622174236,-0.136339326616876
161,0.001,3,1000,5.00E-05,0.9,161,0.462084645897663,-0.123015307778804,161,0.462047159263134,-0.122968130138183
164,0.001,3,1000,1.00E-05,0.9,164,0.462084645897663,-0.123015307778804,164,0.462047159263134,-0.122968130138183
158,0.001,3,1000,0.0001,0.9,158,0.462084645897663,-0.123015307778804,158,0.462047159263134,-0.122968130138183
167,0.001,3,1000,1.00E-06,0.9,167,0.462084645897663,-0.123015307778804,167,0.462047159263134,-0.122968130138183
343,0.01,4,100,1.00E-05,0.7,343,0.462547416750958,-0.102996959591823,343,0.462520124519375,-0.104288800173513
340,0.01,4,100,5.00E-05,0.7,340,0.462547416750958,-0.102996959591823,340,0.462520124519375,-0.104288800173513
337,0.01,4,100,0.0001,0.7,337,0.462547416750958,-0.102996959591823,337,0.462520124519375,-0.104288800173513
346,0.01,4,100,1.00E-06,0.7,346,0.462547416750958,-0.102996959591823,346,0.462520124519375,-0.104288800173513
339,0.01,4,100,5.00E-05,0.5,339,0.462582414534439,-0.116292114161576,339,0.462767245704525,-0.119684908164758
345,0.01,4,100,1.00E-06,0.5,345,0.462582414534439,-0.116292114161576,345,0.462767245704525,-0.119684908164758
342,0.01,4,100,1.00E-05,0.5,342,0.462582414534439,-0.116292114161576,342,0.462767245704525,-0.119684908164758
336,0.01,4,100,0.0001,0.5,336,0.462582414534439,-0.116292114161576,336,0.462767245704525,-0.119684908164758
209,0.001,4,1000,5.00E-05,0.9,209,0.463838689500763,-0.101428319518028,209,0.463827292235607,-0.102157044016714
215,0.001,4,1000,1.00E-06,0.9,215,0.463838689500763,-0.101428319518028,215,0.463827292235607,-0.102157044016714
206,0.001,4,1000,0.0001,0.9,206,0.463838689500763,-0.101428319518028,206,0.463827292235607,-0.102157044016714
212,0.001,4,1000,1.00E-05,0.9,212,0.463838689500763,-0.101428319518028,212,0.463827292235607,-0.102157044016714
214,0.001,4,1000,1.00E-06,0.7,214,0.464036491352975,-0.111453715382909,214,0.464114813930948,-0.112618284096954
208,0.001,4,1000,5.00E-05,0.7,208,0.464036491352975,-0.111453715382909,208,0.464114813930948,-0.112618284096954
205,0.001,4,1000,0.0001,0.7,205,0.464036491352975,-0.111453715382909,205,0.464114813930948,-0.112618284096954
211,0.001,4,1000,1.00E-05,0.7,211,0.464036491352975,-0.111453715382909,211,0.464114813930948,-0.112618284096954
386,0.01,6,100,0.0001,0.9,386,0.465322839595426,-0.087502787620283,386,0.465936530556468,-0.088931151312117
389,0.01,6,100,5.00E-05,0.9,389,0.465322839595426,-0.087502787620283,389,0.465936530556468,-0.088931151312117
392,0.01,6,100,1.00E-05,0.9,392,0.465322839595426,-0.087502787620283,392,0.465936530556468,-0.088931151312117
395,0.01,6,100,1.00E-06,0.9,395,0.465322839595426,-0.087502787620283,395,0.465936530556468,-0.088931151312117
213,0.001,4,1000,1.00E-06,0.5,213,0.465494060874549,-0.124928976931832,213,0.465654742172078,-0.126421011570969
210,0.001,4,1000,1.00E-05,0.5,210,0.465494060874549,-0.124928976931832,210,0.465654742172078,-0.126421011570969
207,0.001,4,1000,5.00E-05,0.5,207,0.465494060874549,-0.124928976931832,207,0.465654742172078,-0.126421011570969
204,0.001,4,1000,0.0001,0.5,204,0.465494060874549,-0.124928976931832,204,0.465654742172078,-0.126421011570969
388,0.01,6,100,5.00E-05,0.7,388,0.46630970272358,-0.099205360166039,388,0.468303869585898,-0.105466498335814
394,0.01,6,100,1.00E-06,0.7,394,0.46630970272358,-0.099205360166039,394,0.468303869585898,-0.105466498335814
391,0.01,6,100,1.00E-05,0.7,391,0.46630970272358,-0.099205360166039,391,0.468303869585898,-0.105466498335814
385,0.01,6,100,0.0001,0.7,385,0.46630970272358,-0.099205360166039,385,0.468303869585898,-0.105466498335814
254,0.001,6,1000,0.0001,0.9,254,0.467830137005025,-0.095213474387526,254,0.469046846846141,-0.099600483967711
260,0.001,6,1000,1.00E-05,0.9,260,0.467830137005025,-0.095213474387526,260,0.469046846846141,-0.099600483967711
257,0.001,6,1000,5.00E-05,0.9,257,0.467830137005025,-0.095213474387526,257,0.469046846846141,-0.099600483967711
263,0.001,6,1000,1.00E-06,0.9,263,0.467830137005025,-0.095213474387526,263,0.469046846846141,-0.099600483967711
262,0.001,6,1000,1.00E-06,0.7,262,0.468555410448675,-0.107694215688761,262,0.469964471911462,-0.112122438716757
259,0.001,6,1000,1.00E-05,0.7,259,0.468555410448675,-0.107694215688761,259,0.469964471911462,-0.112122438716757
256,0.001,6,1000,5.00E-05,0.7,256,0.468555410448675,-0.107694215688761,256,0.469964471911462,-0.112122438716757
253,0.001,6,1000,0.0001,0.7,253,0.468555410448675,-0.107694215688761,253,0.469964471911462,-0.112122438716757
387,0.01,6,100,5.00E-05,0.5,387,0.468894350980259,-0.119748107542437,387,0.469385569241544,-0.12074564114299
390,0.01,6,100,1.00E-05,0.5,390,0.468894350980259,-0.119748107542437,390,0.469385569241544,-0.12074564114299
384,0.01,6,100,0.0001,0.5,384,0.468894350980259,-0.119748107542437,384,0.469385569241544,-0.12074564114299
393,0.01,6,100,1.00E-06,0.5,393,0.468894350980259,-0.119748107542437,393,0.469385569241544,-0.12074564114299
261,0.001,6,1000,1.00E-06,0.5,261,0.470969819411422,-0.127631987307647,261,0.472008491013768,-0.131629568345348
252,0.001,6,1000,0.0001,0.5,252,0.470969819411422,-0.127631987307647,252,0.472008491013768,-0.131629568345348
255,0.001,6,1000,5.00E-05,0.5,255,0.470969819411422,-0.127631987307647,255,0.472008491013768,-0.131629568345348
258,0.001,6,1000,1.00E-05,0.5,258,0.470969819411422,-0.127631987307647,258,0.472008491013768,-0.131629568345348
43,0.0001,3,5000,1.00E-05,0.7,43,0.923049750400365,-1.78298865267876,43,0.923103630421678,-1.78363016734095
40,0.0001,3,5000,5.00E-05,0.7,40,0.923049750400365,-1.78298865267876,40,0.923103630421678,-1.78363016734095
46,0.0001,3,5000,1.00E-06,0.7,46,0.923049750400365,-1.78298865267876,46,0.923103630421678,-1.78363016734095
37,0.0001,3,5000,0.0001,0.7,37,0.923049750400365,-1.78298865267876,37,0.923103630421678,-1.78363016734095
45,0.0001,3,5000,1.00E-06,0.5,45,0.923401039274833,-1.79095608005926,45,0.923481458258104,-1.79195740319281
39,0.0001,3,5000,5.00E-05,0.5,39,0.923401039274833,-1.79095608005926,39,0.923481458258104,-1.79195740319281
42,0.0001,3,5000,1.00E-05,0.5,42,0.923401039274833,-1.79095608005926,42,0.923481458258104,-1.79195740319281
36,0.0001,3,5000,0.0001,0.5,36,0.923401039274833,-1.79095608005926,36,0.923481458258104,-1.79195740319281
41,0.0001,3,5000,5.00E-05,0.9,41,0.924307959169401,-1.78152099813851,41,0.924334527397376,-1.78177553027857
38,0.0001,3,5000,0.0001,0.9,38,0.924307959169401,-1.78152099813851,38,0.924334527397376,-1.78177553027857
47,0.0001,3,5000,1.00E-06,0.9,47,0.924307959169401,-1.78152099813851,47,0.924334527397376,-1.78177553027857
44,0.0001,3,5000,1.00E-05,0.9,44,0.924307959169401,-1.78152099813851,44,0.924334527397376,-1.78177553027857
85,0.0001,4,5000,0.0001,0.7,85,0.928869337213917,-1.77321158377701,85,0.928865447499761,-1.77387629129705
94,0.0001,4,5000,1.00E-06,0.7,94,0.928869337213917,-1.77321158377701,94,0.928865447499761,-1.77387629129705
88,0.0001,4,5000,5.00E-05,0.7,88,0.928869337213917,-1.77321158377701,88,0.928865447499761,-1.77387629129705
91,0.0001,4,5000,1.00E-05,0.7,91,0.928869337213917,-1.77321158377701,91,0.928865447499761,-1.77387629129705
95,0.0001,4,5000,1.00E-06,0.9,95,0.92936151009756,-1.7634831712206,95,0.929362918115427,-1.76382735117362
92,0.0001,4,5000,1.00E-05,0.9,92,0.92936151009756,-1.7634831712206,92,0.929362918115427,-1.76382735117362
89,0.0001,4,5000,5.00E-05,0.9,89,0.92936151009756,-1.7634831712206,89,0.929362918115427,-1.76382735117362
86,0.0001,4,5000,0.0001,0.9,86,0.92936151009756,-1.7634831712206,86,0.929362918115427,-1.76382735117362
87,0.0001,4,5000,5.00E-05,0.5,87,0.929527917605387,-1.78483479878261,87,0.929626326481667,-1.78626168433968
93,0.0001,4,5000,1.00E-06,0.5,93,0.929527917605387,-1.78483479878261,93,0.929626326481667,-1.78626168433968
84,0.0001,4,5000,0.0001,0.5,84,0.929527917605387,-1.78483479878261,84,0.929626326481667,-1.78626168433968
90,0.0001,4,5000,1.00E-05,0.5,90,0.929527917605387,-1.78483479878261,90,0.929626326481667,-1.78626168433968
143,0.0001,6,5000,1.00E-06,0.9,143,0.933341030054831,-1.75551510003057,143,0.934555766354589,-1.7576863292075
140,0.0001,6,5000,1.00E-05,0.9,140,0.933341030054831,-1.75551510003057,140,0.934555766354589,-1.7576863292075
137,0.0001,6,5000,5.00E-05,0.9,137,0.933341030054831,-1.75551510003057,137,0.934555766354589,-1.7576863292075
134,0.0001,6,5000,0.0001,0.9,134,0.933341030054831,-1.75551510003057,134,0.934555766354589,-1.7576863292075
133,0.0001,6,5000,0.0001,0.7,133,0.933567035336973,-1.77019907989409,133,0.934788998039584,-1.77301717145057
136,0.0001,6,5000,5.00E-05,0.7,136,0.933567035336973,-1.77019907989409,136,0.934788998039584,-1.77301717145057
142,0.0001,6,5000,1.00E-06,0.7,142,0.933567035336973,-1.77019907989409,142,0.934788998039584,-1.77301717145057
139,0.0001,6,5000,1.00E-05,0.7,139,0.933567035336973,-1.77019907989409,139,0.934788998039584,-1.77301717145057
138,0.0001,6,5000,1.00E-05,0.5,138,0.934567328540006,-1.78601013310155,138,0.935788501002844,-1.78929371689169
135,0.0001,6,5000,5.00E-05,0.5,135,0.934567328540006,-1.78601013310155,135,0.935788501002844,-1.78929371689169
132,0.0001,6,5000,0.0001,0.5,132,0.934567328540006,-1.78601013310155,132,0.935788501002844,-1.78929371689169
141,0.0001,6,5000,1.00E-06,0.5,141,0.934567328540006,-1.78601013310155,141,0.935788501002844,-1.78929371689169
31,0.0001,3,3500,1.00E-05,0.7,31,1.20767675178189,-2.68276870817255,31,1.20771734853796,-2.68318555042752
25,0.0001,3,3500,0.0001,0.7,25,1.20767675178189,-2.68276870817255,25,1.20771734853796,-2.68318555042752
28,0.0001,3,3500,5.00E-05,0.7,28,1.20767675178189,-2.68276870817255,28,1.20771734853796,-2.68318555042752
34,0.0001,3,3500,1.00E-06,0.7,34,1.20767675178189,-2.68276870817255,34,1.20771734853796,-2.68318555042752
24,0.0001,3,3500,0.0001,0.5,24,1.20769830192162,-2.68939002935984,24,1.20777127217003,-2.69016956840899
30,0.0001,3,3500,1.00E-05,0.5,30,1.20769830192162,-2.68939002935984,30,1.20777127217003,-2.69016956840899
27,0.0001,3,3500,5.00E-05,0.5,27,1.20769830192162,-2.68939002935984,27,1.20777127217003,-2.69016956840899
33,0.0001,3,3500,1.00E-06,0.5,33,1.20769830192162,-2.68939002935984,33,1.20777127217003,-2.69016956840899
29,0.0001,3,3500,5.00E-05,0.9,29,1.21010106486456,-2.68266927560643,29,1.21011243880077,-2.68276920257101
35,0.0001,3,3500,1.00E-06,0.9,35,1.21010106486456,-2.68266927560643,35,1.21011243880077,-2.68276920257101
26,0.0001,3,3500,0.0001,0.9,26,1.21010106486456,-2.68266927560643,26,1.21011243880077,-2.68276920257101
32,0.0001,3,3500,1.00E-05,0.9,32,1.21010106486456,-2.68266927560643,32,1.21011243880077,-2.68276920257101
73,0.0001,4,3500,0.0001,0.7,73,1.2141022721561,-2.67526178851558,73,1.21407746935226,-2.67564203276721
79,0.0001,4,3500,1.00E-05,0.7,79,1.2141022721561,-2.67526178851558,79,1.21407746935226,-2.67564203276721
82,0.0001,4,3500,1.00E-06,0.7,82,1.2141022721561,-2.67526178851558,82,1.21407746935226,-2.67564203276721
76,0.0001,4,3500,5.00E-05,0.7,76,1.2141022721561,-2.67526178851558,76,1.21407746935226,-2.67564203276721
78,0.0001,4,3500,1.00E-05,0.5,78,1.21433186185512,-2.68487112986048,78,1.21442313915964,-2.68596836335111
72,0.0001,4,3500,0.0001,0.5,72,1.21433186185512,-2.68487112986048,72,1.21442313915964,-2.68596836335111
81,0.0001,4,3500,1.00E-06,0.5,81,1.21433186185512,-2.68487112986048,81,1.21442313915964,-2.68596836335111
75,0.0001,4,3500,5.00E-05,0.5,75,1.21433186185512,-2.68487112986048,75,1.21442313915964,-2.68596836335111
80,0.0001,4,3500,1.00E-05,0.9,80,1.21541862473749,-2.66779105540301,80,1.21540048442083,-2.66786309362781
74,0.0001,4,3500,0.0001,0.9,74,1.21541862473749,-2.66779105540301,74,1.21540048442083,-2.66786309362781
83,0.0001,4,3500,1.00E-06,0.9,83,1.21541862473749,-2.66779105540301,83,1.21540048442083,-2.66786309362781
77,0.0001,4,3500,5.00E-05,0.9,77,1.21541862473749,-2.66779105540301,77,1.21540048442083,-2.66786309362781
124,0.0001,6,3500,5.00E-05,0.7,124,1.2183785870543,-2.67229174459313,124,1.21958058180855,-2.6743891291388
121,0.0001,6,3500,0.0001,0.7,121,1.2183785870543,-2.67229174459313,121,1.21958058180855,-2.6743891291388
130,0.0001,6,3500,1.00E-06,0.7,130,1.2183785870543,-2.67229174459313,130,1.21958058180855,-2.6743891291388
127,0.0001,6,3500,1.00E-05,0.7,127,1.2183785870543,-2.67229174459313,127,1.21958058180855,-2.6743891291388
125,0.0001,6,3500,5.00E-05,0.9,125,1.21894495603312,-2.66109831144742,125,1.22020061581316,-2.66281730312409
122,0.0001,6,3500,0.0001,0.9,122,1.21894495603312,-2.66109831144742,122,1.22020061581316,-2.66281730312409
131,0.0001,6,3500,1.00E-06,0.9,131,1.21894495603312,-2.66109831144742,131,1.22020061581316,-2.66281730312409
128,0.0001,6,3500,1.00E-05,0.9,128,1.21894495603312,-2.66109831144742,128,1.22020061581316,-2.66281730312409
123,0.0001,6,3500,5.00E-05,0.5,123,1.2189466249823,-2.68554376803422,123,1.22022132678429,-2.68826583346418
120,0.0001,6,3500,0.0001,0.5,120,1.2189466249823,-2.68554376803422,120,1.22022132678429,-2.68826583346418
126,0.0001,6,3500,1.00E-05,0.5,126,1.2189466249823,-2.68554376803422,126,1.22022132678429,-2.68826583346418
129,0.0001,6,3500,1.00E-06,0.5,129,1.2189466249823,-2.68554376803422,129,1.22022132678429,-2.68826583346418
144,0.001,3,100,0.0001,0.5,144,2.33497715002593,-4.90951402800197,144,2.33501967456068,-4.90969785509245
153,0.001,3,100,1.00E-06,0.5,153,2.33497715002593,-4.90951402800197,153,2.33501967456068,-4.90969785509245
150,0.001,3,100,1.00E-05,0.5,150,2.33497715002593,-4.90951402800197,150,2.33501967456068,-4.90969785509245
147,0.001,3,100,5.00E-05,0.5,147,2.33497715002593,-4.90951402800197,147,2.33501967456068,-4.90969785509245
145,0.001,3,100,0.0001,0.7,145,2.3363557920777,-4.90697415080534,145,2.33643703056519,-4.90724428379024
148,0.001,3,100,5.00E-05,0.7,148,2.3363557920777,-4.90697415080534,148,2.33643703056519,-4.90724428379024
151,0.001,3,100,1.00E-05,0.7,151,2.3363557920777,-4.90697415080534,151,2.33643703056519,-4.90724428379024
154,0.001,3,100,1.00E-06,0.7,154,2.3363557920777,-4.90697415080534,154,2.33643703056519,-4.90724428379024
21,0.0001,3,1000,1.00E-06,0.5,21,2.33667850164942,-4.91078796263818,21,2.3367441360504,-4.91104832072198
18,0.0001,3,1000,1.00E-05,0.5,18,2.33667850164942,-4.91078796263818,18,2.3367441360504,-4.91104832072198
15,0.0001,3,1000,5.00E-05,0.5,15,2.33667850164942,-4.91078796263818,15,2.3367441360504,-4.91104832072198
12,0.0001,3,1000,0.0001,0.5,12,2.33667850164942,-4.91078796263818,12,2.3367441360504,-4.91104832072198
19,0.0001,3,1000,1.00E-05,0.7,19,2.33749021912129,-4.90802921137729,19,2.3375154998134,-4.90811844458217
16,0.0001,3,1000,5.00E-05,0.7,16,2.33749021912129,-4.90802921137729,16,2.3375154998134,-4.90811844458217
22,0.0001,3,1000,1.00E-06,0.7,22,2.33749021912129,-4.90802921137729,22,2.3375154998134,-4.90811844458217
13,0.0001,3,1000,0.0001,0.7,13,2.33749021912129,-4.90802921137729,13,2.3375154998134,-4.90811844458217
149,0.001,3,100,5.00E-05,0.9,149,2.34187066634748,-4.90687052624168,149,2.34187066634748,-4.90687052624168
146,0.001,3,100,0.0001,0.9,146,2.34187066634748,-4.90687052624168,146,2.34187066634748,-4.90687052624168
155,0.001,3,100,1.00E-06,0.9,155,2.34187066634748,-4.90687052624168,155,2.34187066634748,-4.90687052624168
152,0.001,3,100,1.00E-05,0.9,152,2.34187066634748,-4.90687052624168,152,2.34187066634748,-4.90687052624168
14,0.0001,3,1000,0.0001,0.9,14,2.34245280649438,-4.90774828153225,14,2.34246124362151,-4.90776979244875
20,0.0001,3,1000,1.00E-05,0.9,20,2.34245280649438,-4.90774828153225,20,2.34246124362151,-4.90776979244875
17,0.0001,3,1000,5.00E-05,0.9,17,2.34245280649438,-4.90774828153225,17,2.34246124362151,-4.90776979244875
23,0.0001,3,1000,1.00E-06,0.9,23,2.34245280649438,-4.90774828153225,23,2.34246124362151,-4.90776979244875
193,0.001,4,100,0.0001,0.7,193,2.34305515814346,-4.90387734217818,193,2.34308234832426,-4.90412201454338
199,0.001,4,100,1.00E-05,0.7,199,2.34305515814346,-4.90387734217818,199,2.34308234832426,-4.90412201454338
196,0.001,4,100,5.00E-05,0.7,196,2.34305515814346,-4.90387734217818,196,2.34308234832426,-4.90412201454338
202,0.001,4,100,1.00E-06,0.7,202,2.34305515814346,-4.90387734217818,202,2.34308234832426,-4.90412201454338
201,0.001,4,100,1.00E-06,0.5,201,2.34306525914261,-4.90846569588693,201,2.34293842876452,-4.90860682380135
195,0.001,4,100,5.00E-05,0.5,195,2.34306525914261,-4.90846569588693,195,2.34293842876452,-4.90860682380135
192,0.001,4,100,0.0001,0.5,192,2.34306525914261,-4.90846569588693,192,2.34293842876452,-4.90860682380135
198,0.001,4,100,1.00E-05,0.5,198,2.34306525914261,-4.90846569588693,198,2.34293842876452,-4.90860682380135
69,0.0001,4,1000,1.00E-06,0.5,69,2.3437258497482,-4.90924698441809,69,2.34378312873691,-4.90955129857371
63,0.0001,4,1000,5.00E-05,0.5,63,2.3437258497482,-4.90924698441809,63,2.34378312873691,-4.90955129857371
60,0.0001,4,1000,0.0001,0.5,60,2.3437258497482,-4.90924698441809,60,2.34378312873691,-4.90955129857371
66,0.0001,4,1000,1.00E-05,0.5,66,2.3437258497482,-4.90924698441809,66,2.34378312873691,-4.90955129857371
70,0.0001,4,1000,1.00E-06,0.7,70,2.34421757454124,-4.90528589521199,70,2.34421538631405,-4.90539503079546
64,0.0001,4,1000,5.00E-05,0.7,64,2.34421757454124,-4.90528589521199,64,2.34421538631405,-4.90539503079546
67,0.0001,4,1000,1.00E-05,0.7,67,2.34421757454124,-4.90528589521199,67,2.34421538631405,-4.90539503079546
61,0.0001,4,1000,0.0001,0.7,61,2.34421757454124,-4.90528589521199,61,2.34421538631405,-4.90539503079546
243,0.001,6,100,5.00E-05,0.5,243,2.34656227964701,-4.90853125010246,243,2.34779730384944,-4.90942135213497
246,0.001,6,100,1.00E-05,0.5,246,2.34656227964701,-4.90853125010246,246,2.34779730384944,-4.90942135213497
240,0.001,6,100,0.0001,0.5,240,2.34656227964701,-4.90853125010246,240,2.34779730384944,-4.90942135213497
249,0.001,6,100,1.00E-06,0.5,249,2.34656227964701,-4.90853125010246,249,2.34779730384944,-4.90942135213497
203,0.001,4,100,1.00E-06,0.9,203,2.34673533972281,-4.90081093926049,203,2.34678784825765,-4.90092773606581
194,0.001,4,100,0.0001,0.9,194,2.34673533972281,-4.90081093926049,194,2.34678784825765,-4.90092773606581
200,0.001,4,100,1.00E-05,0.9,200,2.34673533972281,-4.90081093926049,200,2.34678784825765,-4.90092773606581
197,0.001,4,100,5.00E-05,0.9,197,2.34673533972281,-4.90081093926049,197,2.34678784825765,-4.90092773606581
65,0.0001,4,1000,5.00E-05,0.9,65,2.34691146693466,-4.9018912483034,65,2.34688860008258,-4.90191820871668
68,0.0001,4,1000,1.00E-05,0.9,68,2.34691146693466,-4.9018912483034,68,2.34688860008258,-4.90191820871668
62,0.0001,4,1000,0.0001,0.9,62,2.34691146693466,-4.9018912483034,62,2.34688860008258,-4.90191820871668
71,0.0001,4,1000,1.00E-06,0.9,71,2.34691146693466,-4.9018912483034,71,2.34688860008258,-4.90191820871668
241,0.001,6,100,0.0001,0.7,241,2.34731472020832,-4.90355732029417,241,2.34805262136012,-4.90406839675855
244,0.001,6,100,5.00E-05,0.7,244,2.34731472020832,-4.90355732029417,244,2.34805262136012,-4.90406839675855
250,0.001,6,100,1.00E-06,0.7,250,2.34731472020832,-4.90355732029417,250,2.34805262136012,-4.90406839675855
247,0.001,6,100,1.00E-05,0.7,247,2.34731472020832,-4.90355732029417,247,2.34805262136012,-4.90406839675855
111,0.0001,6,1000,5.00E-05,0.5,111,2.34748195515772,-4.90930686654657,111,2.34875831243527,-4.91034817734117
117,0.0001,6,1000,1.00E-06,0.5,117,2.34748195515772,-4.90930686654657,117,2.34875831243527,-4.91034817734117
108,0.0001,6,1000,0.0001,0.5,108,2.34748195515772,-4.90930686654657,108,2.34875831243527,-4.91034817734117
114,0.0001,6,1000,1.00E-05,0.5,114,2.34748195515772,-4.90930686654657,114,2.34875831243527,-4.91034817734117
109,0.0001,6,1000,0.0001,0.7,109,2.3480315328118,-4.90442314052654,109,2.3491689237724,-4.9050784277369
112,0.0001,6,1000,5.00E-05,0.7,112,2.3480315328118,-4.90442314052654,112,2.3491689237724,-4.9050784277369
118,0.0001,6,1000,1.00E-06,0.7,118,2.3480315328118,-4.90442314052654,118,2.3491689237724,-4.9050784277369
115,0.0001,6,1000,1.00E-05,0.7,115,2.3480315328118,-4.90442314052654,115,2.3491689237724,-4.9050784277369
242,0.001,6,100,0.0001,0.9,242,2.34858053227401,-4.89775890924814,242,2.34975236165149,-4.8983490188165
251,0.001,6,100,1.00E-06,0.9,251,2.34858053227401,-4.89775890924814,251,2.34975236165149,-4.8983490188165
245,0.001,6,100,5.00E-05,0.9,245,2.34858053227401,-4.89775890924814,245,2.34975236165149,-4.8983490188165
248,0.001,6,100,1.00E-05,0.9,248,2.34858053227401,-4.89775890924814,248,2.34975236165149,-4.8983490188165
113,0.0001,6,1000,5.00E-05,0.9,113,2.349052780606,-4.89879792129736,113,2.35014963353306,-4.89929983601834
119,0.0001,6,1000,1.00E-06,0.9,119,2.349052780606,-4.89879792129736,119,2.35014963353306,-4.89929983601834
116,0.0001,6,1000,1.00E-05,0.9,116,2.349052780606,-4.89879792129736,116,2.35014963353306,-4.89929983601834
110,0.0001,6,1000,0.0001,0.9,110,2.349052780606,-4.89879792129736,110,2.35014963353306,-4.89929983601834
9,0.0001,3,100,1.00E-06,0.5,9,4.59100574757213,-6.01364315932608,9,4.59103796068475,-6.01366083238435
6,0.0001,3,100,1.00E-05,0.5,6,4.59100574757213,-6.01364315932608,6,4.59103796068475,-6.01366083238435
3,0.0001,3,100,5.00E-05,0.5,3,4.59100574757213,-6.01364315932608,3,4.59103796068475,-6.01366083238435
0,0.0001,3,100,0.0001,0.5,0,4.59100574757213,-6.01364315932608,0,4.59103796068475,-6.01366083238435
10,0.0001,3,100,1.00E-06,0.7,10,4.59200176737319,-6.01335181454168,10,4.59200370969847,-6.0133560843119
1,0.0001,3,100,0.0001,0.7,1,4.59200176737319,-6.01335181454168,1,4.59200370969847,-6.0133560843119
4,0.0001,3,100,5.00E-05,0.7,4,4.59200176737319,-6.01335181454168,4,4.59200370969847,-6.0133560843119
7,0.0001,3,100,1.00E-05,0.7,7,4.59200176737319,-6.01335181454168,7,4.59200370969847,-6.0133560843119
2,0.0001,3,100,0.0001,0.9,2,4.59861875970577,-6.01319188284584,2,4.59861875970577,-6.01319188284584
5,0.0001,3,100,5.00E-05,0.9,5,4.59861875970577,-6.01319188284584,5,4.59861875970577,-6.01319188284584
8,0.0001,3,100,1.00E-05,0.9,8,4.59861875970577,-6.01319188284584,8,4.59861875970577,-6.01319188284584
11,0.0001,3,100,1.00E-06,0.9,11,4.59861875970577,-6.01319188284584,11,4.59861875970577,-6.01319188284584
51,0.0001,4,100,5.00E-05,0.5,51,4.5986950219677,-6.01347960911435,51,4.59901360734685,-6.0135181993998
54,0.0001,4,100,1.00E-05,0.5,54,4.5986950219677,-6.01347960911435,54,4.59901360734685,-6.0135181993998
57,0.0001,4,100,1.00E-06,0.5,57,4.5986950219677,-6.01347960911435,57,4.59901360734685,-6.0135181993998
48,0.0001,4,100,0.0001,0.5,48,4.5986950219677,-6.01347960911435,48,4.59901360734685,-6.0135181993998
49,0.0001,4,100,0.0001,0.7,49,4.59899675514335,-6.01300857421418,49,4.59895427888326,-6.01300585217647
58,0.0001,4,100,1.00E-06,0.7,58,4.59899675514335,-6.01300857421418,58,4.59895427888326,-6.01300585217647
52,0.0001,4,100,5.00E-05,0.7,52,4.59899675514335,-6.01300857421418,52,4.59895427888326,-6.01300585217647
55,0.0001,4,100,1.00E-05,0.7,55,4.59899675514335,-6.01300857421418,55,4.59895427888326,-6.01300585217647
99,0.0001,6,100,5.00E-05,0.5,99,4.60205056662233,-6.01347035247889,99,4.60295323152843,-6.01355367293568
96,0.0001,6,100,0.0001,0.5,96,4.60205056662233,-6.01347035247889,96,4.60295323152843,-6.01355367293568
102,0.0001,6,100,1.00E-05,0.5,102,4.60205056662233,-6.01347035247889,102,4.60295323152843,-6.01355367293568
105,0.0001,6,100,1.00E-06,0.5,105,4.60205056662233,-6.01347035247889,105,4.60295323152843,-6.01355367293568
97,0.0001,6,100,0.0001,0.7,97,4.60311819518427,-6.01297240615423,97,4.60383358891047,-6.01301724322794
100,0.0001,6,100,5.00E-05,0.7,100,4.60311819518427,-6.01297240615423,100,4.60383358891047,-6.01301724322794
103,0.0001,6,100,1.00E-05,0.7,103,4.60311819518427,-6.01297240615423,103,4.60383358891047,-6.01301724322794
106,0.0001,6,100,1.00E-06,0.7,106,4.60311819518427,-6.01297240615423,106,4.60383358891047,-6.01301724322794
50,0.0001,4,100,0.0001,0.9,50,4.60312519285692,-6.01253609789195,50,4.60322858680509,-6.01256175306663
59,0.0001,4,100,1.00E-06,0.9,59,4.60312519285692,-6.01253609789195,59,4.60322858680509,-6.01256175306663
56,0.0001,4,100,1.00E-05,0.9,56,4.60312519285692,-6.01253609789195,56,4.60322858680509,-6.01256175306663
53,0.0001,4,100,5.00E-05,0.9,53,4.60312519285692,-6.01253609789195,53,4.60322858680509,-6.01256175306663
98,0.0001,6,100,0.0001,0.9,98,4.60455413501436,-6.01217680524061,98,4.60557755583262,-6.01223746819884
107,0.0001,6,100,1.00E-06,0.9,107,4.60455413501436,-6.01217680524061,107,4.60557755583262,-6.01223746819884
101,0.0001,6,100,5.00E-05,0.9,101,4.60455413501436,-6.01217680524061,101,4.60557755583262,-6.01223746819884
104,0.0001,6,100,1.00E-05,0.9,104,4.60455413501436,-6.01217680524061,104,4.60557755583262,-6.01223746819884
